arrdelay,time
0,236
-24,231
-21,95
-15,91
-9,73
-24,92
-15,96
-15,93
53,94
-11,96
1,94
-11,91
-18,91
-9,84
-16,87
87,91
-16,93
-21,88
-18,85
-2,100
-20,242
-4,237
170,61
196,65
-20,93
-5,63
-9,244
0,99
-24,228
61,100
-26,221
-18,94
-17,94
-10,239
-9,96
-15,70
-9,71
24,123
141,120
-13,238
-24,228
60,129
55,128
-17,75
26,130
161,127
-4,69
26,129
80,125
-29,237
-8,80
16,132
15,137
19,135
15,136
-12,250
-19,71
-23,229
3,73
-21,64
-17,77
2,60
-5,64
10,60
171,64
15,74
-11,65
-16,75
10,144
4,65
38,138
-3,135
-14,76
-29,88
-13,233
-5,217
-27,220
-21,93
-6,236
-14,70
0,242
-13,93
-10,88
-35,238
-27,90
-33,88
76,130
-6,237
-12,238
-23,229
7,229
-31,219
-7,91
-13,233
-3,71
10,244
-26,234
-27,227
-8,212
-25,93
-7,69
35,90
-38,69
-5,83
506,145
-11,230
14,256
-21,90
16,236
-12,238
44,256
-27,98
22,239
-15,74
-12,237
-14,250
-9,91
-21,88
-1,77
92,92
-20,90
-1,89
-17,95
-14,94
-26,87
-1,89
3,87
-11,93
-1,88
-17,87
-12,90
-19,86
-18,85
-20,92
-20,85
-12,96
-16,97
-19,76
-18,249
9,239
4,230
1,246
-12,61
-17,96
-9,63
-18,97
-12,240
-20,95
-8,237
-15,97
-7,242
-21,93
-1,98
-15,238
-5,98
-21,76
17,131
-9,78
72,134
-1,136
1,130
13,128
-18,240
-13,241
36,127
42,130
1,74
75,131
27,136
-10,75
24,147
10,133
-19,249
-5,79
-5,129
22,131
-4,126
-4,126
16,239
-17,245
-12,74
6,253
17,80
32,74
-10,70
-18,69
3,63
-6,65
13,63
43,72
33,77
30,67
17,65
-5,77
60,62
7,75
18,145
31,135
-22,96
-10,231
-23,79
-10,101
17,139
-17,71
6,232
4,240
-11,75
-8,233
-19,93
-1,90
3,75
-17,89
32,246
-18,93
10,84
1,149
11,138
22,241
2,245
-6,94
-4,247
-16,91
3,136
35,249
-19,87
-23,248
30,236
-27,90
20,243
-21,238
10,245
-7,245
-11,246
-19,94
-6,237
37,237
-17,241
-17,251
-19,245
37,234
-1,235
-23,247
9,96
-15,100
-21,235
3,238
-9,75
5,82
5,232
27,243
78,101
41,91
81,81
16,94
1,90
15,99
33,99
139,92
38,90
7,101
46,95
19,102
15,91
110,91
45,92
-11,100
-10,243
-18,223
-12,54
28,240
38,236
60,52
32,118
325,62
13,97
75,239
-16,234
7,97
3,235
46,104
25,117
4,227
43,84
53,143
24,136
15,87
23,139
68,138
28,235
29,228
46,134
82,157
82,130
16,81
184,140
102,133
50,142
10,82
18,127
11,133
117,143
12,243
24,272
119,88
-21,238
-2,61
127,88
47,80
29,82
-6,67
-19,62
-2,61
59,58
-19,57
26,61
56,61
42,88
14,59
19,83
21,67
36,147
110,103
29,153
73,102
7,74
10,239
9,243
1,103
9,81
51,236
266,79
39,101
5,235
5,87
25,95
5,89
9,244
-15,98
13,246
5,250
8,137
78,228
12,229
19,228
-10,82
-21,243
7,248
131,234
19,77
57,229
39,248
10,87
4,97
43,132
-9,237
15,250
24,238
158,258
157,105
33,100
59,79
9,94
5,95
77,101
20,92
83,98
81,99
12,94
27,97
71,96
30,94
107,103
11,100
88,111
108,90
65,86
49,100
17,101
31,91
17,256
65,235
120,62
21,226
-4,230
70,59
18,96
112,61
3,94
10,236
0,96
45,241
40,100
40,232
38,119
17,107
31,233
67,95
12,79
30,129
9,122
37,74
19,141
17,121
41,119
16,236
76,243
21,122
17,121
95,118
70,83
161,126
120,126
59,71
52,121
12,256
39,126
117,129
217,125
94,127
39,250
39,270
40,80
11,247
13,67
18,60
180,64
34,85
207,59
182,61
167,57
24,67
39,58
48,71
66,100
41,77
67,63
46,82
49,59
33,130
47,134
7,79
27,130
63,76
35,93
113,245
45,91
12,255
49,221
107,245
35,240
1,78
6,249
46,229
112,91
79,99
146,92
71,93
181,76
177,251
39,101
17,252
-8,122
74,89
56,94
30,237
90,108
17,240
27,252
72,95
20,242
-23,225
67,245
15,250
28,236
60,105
29,246
104,75
37,98
99,251
29,235
22,84
8,227
3,259
97,93
107,89
0,73
5,95
-8,89
77,90
15,98
8,90
56,95
22,95
32,92
6,100
40,93
141,96
6,97
67,99
33,92
-12,97
-6,83
37,254
25,233
312,57
-22,221
44,223
223,93
73,73
-5,102
73,238
59,97
42,228
119,96
9,236
6,101
16,99
188,97
5,75
223,115
16,117
53,72
-1,115
-12,120
201,116
138,111
-23,222
-2,226
27,115
10,124
14,124
17,74
63,111
48,114
220,75
392,129
56,113
405,256
56,72
31,115
163,121
185,121
87,117
69,252
34,246
-8,78
17,243
-5,66
2,69
10,67
-8,70
-15,65
23,80
27,69
15,75
49,67
119,66
108,83
140,63
10,77
42,62
-5,78
-7,75
8,126
90,123
-2,99
-6,235
61,121
32,72
84,96
-26,248
270,77
8,254
27,72
3,219
11,95
108,101
-4,249
21,93
53,93
-1,90
-5,87
-2,109
304,246
9,247
21,221
-5,96
26,243
1,251
-2,100
195,259
33,226
-9,227
0,253
-5,249
314,94
201,98
-18,75
-5,234
121,221
13,232
0,122
17,250
38,99
-9,75
64,84
11,123
149,228
24,230
67,90
0,90
-10,91
59,249
0,247
368,228
176,76
5,236
2,246
20,98
-3,91
95,126
-10,96
-17,91
21,99
15,93
42,88
22,89
19,89
32,88
66,92
47,127
-2,86
15,87
17,85
-13,86
-8,104
-8,255
19,244
25,73
20,231
9,68
26,94
8,71
14,99
2,235
51,97
11,246
25,99
67,103
30,241
-3,69
-3,233
10,117
-4,112
30,72
-4,114
-9,130
-13,117
-17,71
-15,231
-8,116
66,116
38,83
-22,112
-11,116
-23,68
-18,119
-5,110
54,75
11,131
17,125
-15,115
5,118
47,244
87,75
51,261
10,92
67,78
14,75
10,70
24,70
105,72
50,71
138,72
99,60
31,86
64,65
108,76
44,68
30,115
3,109
22,114
49,73
41,74
26,118
50,120
11,65
10,257
-10,245
-3,93
22,214
54,80
7,242
90,91
-12,77
34,76
10,100
9,116
1,96
51,90
25,135
77,246
58,92
27,250
66,88
172,87
126,86
47,88
-7,92
86,81
6,262
-10,246
35,256
23,120
-10,223
41,130
48,68
1,79
7,249
101,244
94,243
49,231
40,95
22,107
118,76
51,233
20,75
76,231
54,85
9,218
104,69
41,116
76,72
15,238
43,231
42,240
15,69
-5,94
6,98
27,77
-16,226
-20,244
15,99
57,95
-4,80
11,110
6,112
-8,100
-2,105
-6,112
69,103
132,99
15,110
55,111
23,95
21,97
39,106
64,111
194,96
9,103
-8,108
-8,78
13,229
-5,234
24,66
-10,227
0,64
-4,110
12,63
-3,101
10,236
26,104
78,230
-2,108
0,116
-10,230
20,60
-23,225
5,127
12,120
16,80
197,123
-12,125
-3,110
0,84
-7,228
-13,109
5,110
-7,83
-17,112
-6,107
-13,78
65,108
-6,111
33,121
19,122
-5,118
-17,113
22,246
24,82
-19,240
54,100
-11,61
-25,59
-10,65
-3,70
-5,67
117,72
52,55
0,61
46,75
0,62
78,111
-13,103
13,112
7,80
42,86
186,124
82,108
-8,74
280,107
-16,97
32,222
20,240
12,234
-8,74
0,242
11,227
55,65
262,95
205,87
8,82
-9,116
0,228
178,112
202,96
-3,232
43,240
255,115
135,94
224,92
54,93
-1,110
131,95
3,235
272,76
-2,247
48,244
28,247
53,105
119,97
-1,109
-1,76
41,77
-16,232
10,236
36,214
4,63
49,221
-1,107
1,78
56,113
70,218
6,223
-7,224
53,60
41,130
69,113
-11,246
-8,120
51,84
92,235
102,245
-10,95
193,91
13,96
3,97
-4,97
59,100
103,105
145,96
199,93
15,92
18,93
11,104
-8,96
106,85
115,91
149,88
85,95
106,103
104,253
70,237
109,63
43,240
221,62
81,101
203,68
28,106
1,251
39,109
-10,241
148,109
87,103
191,248
-12,62
32,236
29,119
-1,121
169,73
45,121
55,115
88,114
161,76
70,235
64,124
106,118
29,74
185,118
175,116
98,71
149,117
6,77
-5,117
1,119
231,126
22,123
36,250
24,75
296,255
44,94
-2,66
80,76
140,63
135,66
118,71
25,69
51,77
68,66
16,112
220,116
81,81
396,75
252,122
232,116
69,81
0,246
231,59
-2,75
-15,252
74,245
-5,251
45,82
25,78
89,75
15,119
-13,100
184,95
18,91
8,98
275,247
42,93
67,93
283,86
295,89
69,102
-2,245
15,237
-5,104
19,226
32,228
72,101
219,70
83,230
146,237
225,261
-6,233
167,251
185,98
-14,98
9,236
139,73
23,75
289,236
7,59
186,72
6,102
63,93
312,61
2,248
-21,98
293,250
-29,116
-8,79
34,234
-9,253
22,91
11,95
129,74
156,94
44,98
17,100
-12,91
0,92
15,90
99,92
50,89
3,89
-4,94
137,84
-6,91
50,101
-20,75
41,258
-3,226
11,62
-4,237
8,65
27,101
60,63
-21,104
136,233
-25,95
41,227
36,98
3,104
5,227
-16,111
14,62
-2,236
90,125
-10,125
61,78
-4,123
-3,128
-20,107
34,74
-6,230
86,121
-5,123
19,75
-4,117
79,116
19,72
30,114
-3,117
22,78
11,128
4,127
-1,126
50,126
-2,254
69,76
36,242
184,63
75,64
-1,65
-13,66
167,60
-1,63
24,78
78,61
72,121
159,111
89,123
57,83
32,83
109,122
18,115
-1,230
-6,250
112,86
272,97
25,229
5,246
43,243
-9,77
172,76
17,79
-3,60
9,120
7,87
152,95
52,240
86,225
68,94
-1,99
166,97
13,91
96,101
2,258
9,246
38,87
42,219
68,226
8,99
93,240
38,70
66,242
109,237
141,69
42,230
-5,252
162,86
3,228
197,225
47,73
82,103
180,93
99,59
-20,121
69,249
158,59
-11,73
34,102
64,229
18,88
-7,245
2,81
0,239
30,253
25,91
14,87
-10,92
62,98
-14,95
-25,88
35,93
-11,90
-11,84
28,89
-8,91
1,101
-5,253
-22,236
44,61
-18,237
0,62
20,96
93,62
-8,102
-12,240
19,244
-5,98
1,254
8,67
-8,242
-10,115
-7,114
7,75
-17,115
56,111
19,75
24,241
17,123
11,118
-20,76
-7,119
127,123
55,117
13,112
-10,74
-8,116
3,117
45,121
98,262
-10,78
25,250
-14,79
-10,74
-10,74
8,57
11,78
6,61
93,78
14,74
-2,107
88,64
88,63
-14,92
10,99
0,70
60,78
-13,121
-18,100
-7,242
33,247
34,247
54,239
-2,122
95,221
-18,75
-17,233
0,250
51,243
113,92
-1,228
30,89
-21,85
-8,233
40,260
134,73
1,72
33,85
52,253
3,226
120,76
-3,234
23,246
-6,110
43,95
75,77
-16,94
1,95
-21,93
-8,105
51,101
9,99
-7,100
-5,96
-7,95
-6,99
4,94
3,98
81,89
7,92
15,96
-18,95
-2,81
-24,245
85,233
-17,60
-18,233
52,58
29,105
-13,58
-4,94
-25,233
-21,99
-14,234
110,104
-10,107
27,230
0,60
-17,235
-6,129
-9,129
-4,130
60,123
36,79
13,236
32,121
-9,123
16,82
22,123
40,120
42,78
87,119
62,114
86,77
-11,129
-15,124
6,124
32,124
-4,246
-2,82
-5,239
-18,62
46,59
153,65
-9,69
68,58
-7,62
81,77
-11,127
-6,63
11,134
44,124
6,128
28,116
-7,79
-3,230
14,237
-6,245
17,99
-15,103
-13,93
-21,80
1,81
11,246
-19,91
10,239
25,96
1,92
-16,101
-10,247
-15,101
33,231
-13,95
-8,234
70,76
43,232
-18,79
39,60
34,89
118,239
22,107
-21,246
-12,80
128,229
-5,75
-12,107
9,80
12,222
-13,234
70,61
-17,94
-3,230
-14,235
3,86
16,229
36,249
12,111
14,96
29,98
2,100
58,100
-15,94
-13,99
31,106
-4,94
2,93
-13,97
28,95
33,97
213,94
40,96
33,98
12,95
64,95
-22,95
20,81
-11,246
0,235
-6,56
-7,236
10,60
13,102
-9,56
-14,103
-10,235
5,102
-11,235
-4,108
36,104
9,231
9,59
-7,237
-2,123
-4,124
19,97
-2,128
-8,125
16,126
13,92
20,240
-1,131
-3,127
13,80
2,132
5,125
-4,79
17,130
16,117
17,87
14,128
12,127
5,124
4,121
-4,241
44,82
-21,246
29,97
33,60
-4,58
45,59
20,59
12,58
92,59
15,51
4,56
81,90
14,61
41,131
2,105
14,133
29,89
4,94
116,128
128,126
157,84
103,98
5,237
99,101
3,227
131,228
11,243
0,242
49,245
14,102
3,234
4,79
31,227
9,79
8,232
43,251
39,60
17,79
128,228
6,95
51,94
10,58
28,240
12,236
11,97
18,123
39,252
6,62
62,81
5,101
8,95
143,236
60,244
31,97
53,98
16,88
-15,79
2,91
1,125
-10,100
-1,96
22,99
231,240
-6,96
24,233
-6,93
2,94
12,92
6,96
116,249
-16,103
27,266
20,254
16,126
17,91
2,92
-4,225
-23,230
-22,98
-18,99
0,87
-6,96
-14,93
-15,92
-12,105
3,110
-13,98
-18,95
36,97
9,97
-12,97
7,97
-1,94
-6,98
21,100
23,95
3,98
-14,106
-7,86
-23,220
-25,213
-10,58
-16,231
-9,61
-10,108
-1,62
9,104
-12,222
-13,103
-7,233
29,109
-11,107
-46,215
-3,61
-21,227
-1,121
1,131
-4,83
0,121
2,132
-5,116
-3,83
-37,214
-9,114
-2,125
-15,85
4,120
36,121
-6,80
-1,121
1,119
-10,88
81,123
3,121
-13,119
12,120
-16,236
-3,83
-46,225
-15,96
-5,64
-10,62
-30,64
-12,70
-15,64
0,59
17,58
17,90
17,68
44,119
15,113
4,120
16,89
92,95
-5,119
17,117
8,82
-1,82
28,236
-48,217
-9,111
-1,93
-13,56
-6,89
11,107
-15,81
1,90
11,124
7,97
-25,92
-21,216
-27,89
33,226
-18,96
-13,95
-13,101
182,90
-6,95
-7,97
13,79
16,245
-10,95
-25,240
-28,92
-4,66
22,227
-17,228
-24,234
-30,225
13,220
-21,223
-11,228
2,77
0,110
-10,105
13,94
-17,93
-6,67
-7,82
47,89
-20,229
149,214
-33,232
12,107
12,94
-15,224
-34,238
10,226
-5,126
0,90
-3,232
-20,244
-9,100
-4,98
-15,82
3,106
39,103
-13,95
60,113
-1,109
-21,96
-6,100
13,97
-17,95
-6,99
9,97
-7,95
-7,94
-16,95
13,99
-14,99
-3,117
12,92
47,235
-25,223
20,65
-34,217
1,62
-4,110
-4,112
-34,216
-8,111
-30,224
-2,113
24,130
-18,231
-15,56
-11,59
-27,223
-3,121
2,125
-5,84
1,125
-10,125
2,118
0,83
-8,231
-14,124
-8,121
8,84
31,119
23,118
1,80
-3,119
-6,119
2,91
-8,120
-22,116
-22,112
-13,119
-35,234
5,83
-13,242
-10,94
-12,61
-19,62
-15,63
0,64
1,60
14,59
3,57
8,62
17,95
4,60
60,122
152,118
6,133
33,86
38,89
-1,126
22,134
-7,90
-3,112
-14,236
-9,230
17,111
-10,63
-10,234
-8,127
-14,106
41,234
-34,229
-14,102
-1,58
-3,82
-18,83
-8,86
-18,120
95,98
-16,96
47,245
-8,103
22,103
-19,98
0,94
-9,78
3,123
-2,98
28,233
2,98
-12,60
-8,95
-39,214
-29,225
-28,241
0,86
-18,244
-15,228
-3,237
14,227
-21,219
-34,243
11,117
-8,99
-20,80
-15,95
26,216
8,224
3,82
-26,226
55,93
7,213
56,82
4,110
-15,98
-10,82
-10,226
-17,245
11,113
-4,94
-12,85
-2,94
-16,94
-13,111
1,107
28,96
-14,96
12,97
-13,98
-7,97
8,104
10,101
0,96
3,90
-2,94
-18,94
-20,109
1,86
-14,248
-25,225
7,63
-33,214
-12,61
-1,115
19,109
-37,218
-13,109
-26,222
-3,112
22,115
-26,228
1,62
-18,61
-33,215
-16,121
-8,123
-3,82
-19,122
-15,124
-6,112
-8,82
-19,228
131,106
-18,109
-4,77
-29,104
-8,111
-13,77
56,110
-15,107
79,84
-9,122
-4,119
-29,107
-23,101
-38,234
-9,84
-18,252
3,99
-9,66
-14,65
-14,65
-11,65
-6,63
3,61
22,57
-3,60
46,84
17,62
-7,105
1,112
-11,111
25,86
0,80
-10,111
8,121
-5,58
-5,105
-15,92
8,255
-46,233
-14,98
-12,83
-5,82
-14,82
-23,118
-13,98
5,99
-18,97
-12,248
-12,103
2,245
-16,95
-9,96
-12,97
-10,103
-18,230
17,113
-24,232
-28,237
-6,101
-6,100
-16,213
-22,95
5,75
6,80
46,114
-14,224
15,239
2,214
-25,239
18,105
-3,102
-35,210
-3,220
0,86
-12,214
-33,234
-24,223
-8,73
-18,225
-6,63
6,107
-13,80
8,60
53,238
-23,97
-29,227
-27,241
-3,116
1,83
21,224
27,258
1,96
0,88
-12,91
1,100
-12,98
-5,107
27,109
65,104
14,94
62,91
-9,90
7,92
-6,93
5,93
108,102
31,107
88,103
-15,104
-17,77
0,255
-6,232
4,66
-33,226
8,60
2,109
-21,100
2,220
-7,104
-29,228
-6,110
46,104
-28,230
91,82
-23,108
13,67
-11,234
21,109
-27,111
11,82
-24,112
-27,113
-14,109
21,78
5,236
-12,111
63,115
-10,76
-9,113
-5,114
-3,77
-15,111
117,111
-9,84
-10,110
-23,112
175,111
67,111
-17,247
-5,81
66,259
-9,97
-7,79
-5,68
-6,73
-1,75
-11,73
44,65
37,53
24,73
-8,92
0,73
22,112
-8,107
-7,114
2,90
12,81
2,117
33,110
-14,83
3,221
49,244
37,108
-18,96
-22,229
-6,92
-16,75
-3,111
53,115
13,257
-25,248
7,86
84,107
109,257
-18,78
-17,75
-4,79
13,104
-26,110
-15,97
34,92
19,264
-14,89
5,90
130,100
147,101
96,105
-15,246
8,261
-7,249
3,94
-17,95
50,232
-28,224
7,63
148,70
-15,73
18,107
26,224
38,252
259,238
2,222
-23,230
-8,76
-4,229
-3,67
-11,104
-4,93
23,64
-2,238
-18,97
11,248
102,249
-21,114
-16,81
-9,229
-10,260
-15,101
-17,99
-12,82
-9,94
-18,90
-14,103
-14,101
15,97
-15,97
-17,96
-4,96
-18,97
-8,95
-12,102
-30,243
-21,233
-9,58
-7,247
-13,56
-10,102
-13,106
-1,247
43,254
-8,105
-20,236
-20,58
-24,59
-19,235
-13,118
-9,122
-16,79
-25,115
-10,116
-15,79
-27,229
-9,127
7,134
-2,79
1,131
-6,122
-10,121
-21,118
-13,80
-5,121
-4,125
-10,128
35,262
-16,79
-9,251
-16,80
-8,60
3,86
-26,53
0,60
13,79
-1,112
9,56
-14,56
-13,61
-14,100
29,103
2,85
-13,124
-10,59
-10,84
-7,234
-15,78
-22,93
-5,268
-15,82
-34,239
-14,104
-7,76
-1,250
1,241
29,251
-15,218
6,246
-17,229
-20,247
0,100
-20,95
13,250
36,250
-3,85
3,246
1,260
28,124
-1,110
-17,85
6,112
-11,97
-15,107
14,113
-11,100
-14,99
6,94
-10,97
-2,100
44,104
-3,104
8,101
-14,100
7,98
-17,96
-15,109
-1,87
30,259
3,248
-15,61
-20,241
-7,61
1,114
-15,106
-13,238
7,106
-14,243
8,116
22,108
-9,243
-5,62
14,60
-11,234
-20,105
-34,104
0,84
-39,103
-18,110
-11,84
-14,241
-28,109
-20,111
-8,81
-28,111
-23,112
-4,79
-5,108
-21,111
-9,84
-25,105
-14,105
-20,109
-20,108
-3,85
17,256
-6,63
-7,62
-8,54
-22,64
98,75
0,116
-2,61
-6,125
-9,113
39,108
-6,113
6,86
-27,80
56,276
1,255
9,255
-9,236
-1,116
-10,91
-18,85
-11,60
-13,107
5,250
5,78
-17,107
10,257
4,97
-2,234
-21,96
-7,101
-9,245
-9,237
1,241
-17,236
9,253
4,79
-13,102
-18,84
34,225
-15,97
12,110
-2,239
-2,240
-8,101
64,61
-20,103
150,264
-8,78
8,253
3,267
-25,95
-23,96
-14,79
-10,92
1,97
-9,97
1,109
-11,106
2,108
34,104
-5,103
-7,103
-5,97
-8,93
1,95
9,96
35,110
13,112
20,100
-24,103
-11,80
-3,267
4,245
-5,61
-2,250
-16,61
-19,103
-10,107
-4,250
-25,99
-6,254
-6,103
-7,108
7,260
-10,64
-3,66
-3,253
-4,118
-18,116
11,82
-15,117
-21,116
28,113
23,76
1,252
-14,118
-14,115
-4,82
33,119
-25,116
-17,75
4,116
-6,110
1,77
-23,114
-11,115
-9,120
29,117
97,263
-6,77
-26,250
-12,100
-6,69
17,65
-25,68
10,84
-11,69
22,61
-5,59
11,66
75,68
-20,118
-5,114
47,114
47,77
-3,80
-1,119
3,115
-9,78
-13,107
70,262
-4,93
-13,257
57,264
1,107
-3,66
-12,76
62,245
0,105
27,106
-1,240
-20,81
0,244
10,60
-18,96
4,252
-22,114
-19,78
-1,77
-3,116
9,257
-23,89
5,264
-22,94
-5,103
9,109
19,111
40,113
-8,75
-10,264
-10,92
17,242
20,94
-5,246
14,106
-8,246
22,236
17,263
-16,98
-17,78
13,97
8,246
29,236
-9,76
-8,65
14,260
24,101
-10,84
172,246
8,255
-20,96
-14,96
-12,79
-12,97
-3,101
-11,96
-10,109
22,106
-7,100
0,98
-12,97
-4,100
-9,95
-6,94
-11,89
5,91
-17,95
3,93
-8,99
-18,105
-9,81
-13,252
3,236
-7,60
1,248
13,59
-15,104
-9,105
-16,244
-20,102
-4,248
6,105
20,107
-6,243
-11,59
-10,61
19,264
14,119
-18,124
0,81
-15,119
-13,118
32,121
0,79
15,250
-8,121
-3,121
-10,78
-4,122
-17,120
2,78
-4,123
4,114
-1,80
-17,119
-15,122
-18,120
-16,121
49,263
0,79
-19,248
-15,94
-2,69
-15,62
-5,70
4,81
-12,69
7,58
26,53
13,90
12,80
36,92
10,122
6,118
0,128
63,80
285,77
52,122
62,125
-5,81
10,246
0,108
-18,255
1,88
-10,57
-19,83
-8,81
-15,79
-21,123
-13,98
-13,97
-26,91
4,257
-18,246
-11,99
-6,100
-9,97
3,109
-18,96
-24,92
156,75
20,104
-9,257
-17,89
72,251
-10,98
-4,66
1,78
7,84
-1,256
0,244
5,246
-4,256
-3,106
-18,97
-7,245
-19,98
3,241
10,241
31,248
-14,75
-16,106
-5,107
-6,99
-6,249
-9,62
43,263
-15,125
38,253
-8,248
-17,78
8,248
-8,80
5,232
9,243
20,99
-4,100
-3,86
1,99
6,94
-9,96
2,111
-6,109
46,95
-3,99
-3,94
2,93
-14,93
0,94
14,91
-13,90
-11,91
-13,93
-16,97
1,108
-2,83
-19,230
-3,226
36,55
-24,230
-14,56
0,115
3,109
-1,229
-13,111
-2,230
5,104
14,114
-47,220
8,54
-15,54
0,224
-6,129
0,130
-4,79
1,127
-4,128
7,131
-11,81
-17,224
14,136
6,119
9,78
-3,125
148,128
-11,78
6,123
3,129
-1,83
19,129
-8,126
-2,126
88,120
-22,243
6,84
-3,233
-5,95
3,58
-4,57
-6,58
3,66
48,59
-15,51
3,58
12,88
89,55
10,130
19,112
15,134
177,81
83,93
16,133
73,134
20,89
-5,227
6,97
-1,64
15,230
-6,227
-30,247
6,239
-9,226
9,228
-30,237
9,108
-4,95
20,75
-4,79
-1,228
11,220
-23,232
-19,93
-18,234
24,81
5,107
-12,103
-7,87
-21,226
-18,96
2,64
-20,251
-21,90
-3,239
-5,83
-6,129
-13,108
30,107
-24,237
-13,235
-28,234
-15,55
-17,86
11,101
4,84
95,83
-10,126
3,92
-17,95
-23,240
0,91
-18,94
-17,92
-11,99
-18,92
-10,108
-20,97
-30,242
-4,85
-25,217
-46,214
-15,96
26,95
-21,77
-15,90
-6,92
37,94
-18,104
4,102
19,93
-14,93
-17,96
-5,93
-12,94
-15,91
-14,94
-19,86
17,100
-14,91
-4,97
-11,109
-11,86
-8,227
-38,206
0,63
-38,218
-16,55
-4,111
-17,104
-43,216
-16,105
-25,217
3,109
-8,105
-54,210
-23,57
-19,58
-28,216
13,136
-2,133
-14,82
3,141
-3,136
-2,130
-17,75
-35,213
9,144
41,140
7,75
27,140
6,131
-6,89
36,134
-4,122
-9,80
36,139
-2,123
12,140
-31,242
-17,79
-32,226
-17,93
81,58
15,57
16,86
-26,63
6,62
-12,54
-6,70
92,86
2,71
17,149
-8,113
38,142
50,82
-7,78
365,141
20,141
-6,81
-8,229
-13,57
-7,79
-13,104
-18,84
-54,214
-21,221
-6,216
-9,74
-44,213
17,247
-24,218
-15,76
47,204
-2,56
-11,104
-21,93
-7,59
-11,214
6,91
-48,204
-7,137
-22,94
-22,81
-8,83
-6,84
-22,73
8,140
-26,92
-15,95
-19,92
-15,221
-21,92
53,221
-14,97
7,99
-14,94
-2,92
-23,230
41,108
-28,231
-24,254
-12,96
-26,216
3,101
-2,75
15,106
-32,217
-52,209
-30,216
-34,224
13,106
-13,95
8,215
-12,80
-19,218
-23,229
8,100
-3,103
-13,78
-12,94
-13,91
-14,88
-22,100
-18,99
-12,96
-5,93
-11,93
-15,94
-4,101
-13,95
-6,98
2,96
-9,99
-20,93
-21,104
-16,80
-42,231
-32,210
-11,56
-38,214
-23,56
-23,98
-11,105
-29,209
-9,103
-34,222
-7,108
6,105
3,209
-18,57
-26,103
-16,59
-41,218
6,125
-17,129
-13,82
-5,131
-19,127
-38,100
8,89
-34,217
0,110
-6,111
-13,76
-23,105
-27,109
-2,82
-20,109
-12,76
-22,120
-12,124
-22,118
5,115
-32,228
-15,78
-43,230
3,100
-13,59
-17,62
-22,61
-19,61
47,59
5,56
-15,52
-18,63
-13,82
-20,56
1,121
-7,109
-25,114
71,80
17,85
-4,125
-5,118
-3,89
7,111
76,236
-19,121
-13,90
-20,228
-46,230
-13,95
-13,84
0,75
-14,81
8,119
-11,104
-11,93
-18,90
-26,239
-21,95
-40,227
-19,96
-13,94
-5,97
103,224
59,105
-35,230
-24,228
-16,107
-39,216
-9,58
6,80
-1,83
-20,108
-51,213
-39,231
-36,210
-16,229
-7,98
-16,92
-17,217
54,205
-28,217
-33,222
-14,75
-23,220
-9,55
-2,108
-15,96
14,90
-11,62
31,236
-43,225
-34,219
-26,76
1,99
6,91
-19,227
-32,242
-6,110
-19,97
-21,82
-14,94
-2,104
-9,106
-6,92
-12,92
-9,94
-14,92
-17,93
-14,98
-12,114
-33,236
-40,214
6,59
-43,214
-8,59
24,114
17,123
-25,236
-15,223
-3,116
-36,216
0,61
-16,59
-10,219
-24,116
-27,114
-7,82
-34,111
-30,113
-12,80
-29,221
-28,111
-14,110
-20,79
-10,110
-18,112
56,114
-26,112
-8,84
-9,118
-4,111
-32,112
-9,232
-15,86
-33,234
-28,61
12,75
-29,78
-20,58
-1,85
51,61
-5,77
-18,60
14,121
9,67
5,61
-1,105
39,120
-5,61
-7,88
-14,116
6,87
-37,239
-12,79
0,121
-27,239
-33,223
-30,238
-9,211
-23,221
151,223
-2,106
-38,207
-18,93
-10,94
-11,224
-42,234
-15,77
-13,93
-7,79
-40,235
11,234
-31,210
-13,75
-37,209
-28,226
50,93
29,102
11,82
9,97
8,102
-7,94
3,106
10,107
-5,95
1,95
-8,93
31,92
-5,93
8,93
19,93
0,95
41,93
-14,92
-22,91
21,106
10,81
4,240
0,215
2,60
-22,213
18,61
2,109
-6,105
-22,210
7,110
-36,209
6,108
-2,106
78,216
5,56
15,65
-9,211
-5,123
-8,123
15,79
-20,125
-26,96
1,85
-14,206
2,111
7,102
17,80
1,105
25,101
1,98
-7,109
5,79
2,118
11,114
3,114
-10,113
-13,234
5,77
102,230
24,78
2,61
-15,67
-15,61
-5,63
132,61
9,59
7,54
32,78
13,123
12,59
-14,109
-11,111
25,110
19,98
20,80
14,222
26,110
1,83
30,79
12,100
-4,230
-5,93
-4,93
-18,94
-19,107
-12,222
-7,98
11,214
0,89
14,207
-7,79
-1,198
-2,212
-2,234
4,103
-22,226
-23,78
-17,212
-13,74
2,99
1,79
15,204
-28,212
48,60
-10,92
40,201
-16,81
-33,223
10,106
31,65
3,93
8,216
-46,222
1,90
-23,222
3,244
12,123
-9,85
0,102
7,111
-11,96
2,113
22,118
8,91
-24,236
4,229
56,61
-34,226
44,71
-5,115
-22,225
3,118
-28,227
11,114
36,248
-5,64
-12,63
19,218
-38,103
3,100
39,86
-24,97
-29,98
70,104
9,83
9,232
-13,105
-15,109
3,84
-3,107
59,109
16,108
193,103
4,84
-16,100
-32,102
4,100
45,103
-23,241
3,83
-2,243
-18,96
310,68
2,73
30,67
18,64
-11,68
40,62
6,63
11,93
7,69
-7,106
14,128
89,109
31,88
38,87
0,102
192,111
8,89
8,90
-16,241
-23,241
-13,89
-17,82
7,88
-38,103
-8,104
17,98
8,231
1,238
-4,234
6,111
-32,236
-34,239
-17,223
12,223
-26,224
45,218
-21,230
-3,101
-22,229
54,83
18,234
-4,85
-11,225
-11,221
306,238
-6,63
1,81
-16,218
15,130
54,99
16,62
30,230
14,103
-37,242
-32,102
-1,85
-20,235
0,243
-9,84
6,89
-15,248
-6,238
-9,67
3,232
-8,63
-18,224
-13,239
-30,234
15,67
0,67
-15,235
-33,105
-35,105
2,82
-28,105
-12,110
-42,98
-10,84
-17,238
-18,102
-10,101
-8,88
-26,100
-11,103
-8,80
-27,102
-15,97
-10,85
-29,104
-19,105
-24,105
-15,108
-10,254
-3,84
-32,246
-5,75
-5,76
-13,71
1,80
-18,69
12,65
1,60
14,68
-16,86
-12,66
-21,106
-23,105
2,88
0,93
-13,111
-16,107
-10,92
-13,82
-9,244
-33,240
-6,99
-20,84
32,83
-36,102
-13,244
-17,240
13,96
17,96
-12,97
-2,250
-21,238
-11,62
-11,66
-6,231
-17,238
-4,225
30,221
-14,232
-9,82
-11,85
-1,71
-7,232
-5,246
-29,245
-34,109
-10,80
-15,238
-13,245
-12,242
5,231
9,86
12,258
-4,253
2,107
-21,93
-16,82
6,103
-1,103
18,119
28,124
-14,100
-2,101
-9,96
-18,97
-18,94
-4,96
8,102
-2,94
-6,96
-2,97
-7,100
4,112
-9,86
-24,248
-9,247
5,68
6,249
-9,58
56,110
0,250
-2,111
22,258
20,125
88,116
29,253
-10,63
100,61
1,251
-29,108
-23,109
-19,78
-15,111
-21,109
-18,117
15,80
-5,247
-28,111
-19,119
3,86
85,115
-1,121
-17,78
-6,115
-15,110
-13,79
-14,105
-25,110
-30,110
-9,112
1,248
-12,83
-9,252
0,68
-8,74
-2,74
14,92
1,83
24,59
-10,55
1,68
-12,86
-3,71
-9,121
-19,121
4,90
3,82
-14,117
16,119
11,94
-8,113
-4,243
-16,256
-12,100
-6,59
-21,84
-38,81
-12,88
1,96
-2,256
-16,102
-17,96
-4,101
-5,108
-15,93
8,115
13,96
-7,249
34,94
2,64
-19,96
9,246
20,239
-10,253
-10,83
-14,259
-8,245
11,251
-8,248
21,248
-6,259
-3,114
-13,99
-8,81
-21,95
2,241
11,234
16,247
-27,76
-10,242
-5,102
-1,65
-17,249
-2,83
-18,110
5,123
-10,97
-16,246
90,74
-13,102
-6,82
-8,245
-8,253
-26,97
45,100
-9,91
14,92
5,93
-11,95
-9,106
6,110
-3,105
1,103
12,102
-12,95
-17,97
-2,99
-3,98
-10,96
-11,98
-5,100
8,106
8,108
-19,80
-4,267
-8,245
-11,61
-11,246
37,60
14,113
15,120
23,245
4,107
-10,246
63,118
-1,111
-5,247
-15,60
-20,55
4,244
-20,118
5,120
19,79
-18,120
-15,123
45,109
7,78
11,250
-12,127
-10,123
-10,83
30,122
-5,125
-11,77
-12,114
10,81
2,124
-14,124
-9,123
-13,128
7,259
6,82
-1,257
-14,97
-20,58
-24,62
41,62
-3,66
-19,61
-7,61
29,57
-5,65
0,96
-3,62
2,131
12,124
-8,127
-8,92
3,82
13,123
34,116
-8,86
-7,118
-17,95
12,100
-21,92
161,255
-9,104
5,237
-9,104
16,102
19,106
54,101
10,251
17,106
-6,256
20,263
-13,99
-10,97
-15,245
-13,95
7,75
-12,109
78,241
61,246
22,242
33,259
-1,102
-16,97
-7,245
23,249
71,76
28,244
35,236
-3,243
-19,76
81,241
34,62
11,106
-15,82
31,61
38,91
160,241
-5,236
0,259
-19,122
-4,60
-9,84
-16,105
5,100
19,265
-8,261
-4,97
-29,78
-20,77
0,97
-12,81
-8,240
25,264
-4,105
3,101
-3,87
14,99
4,98
-5,100
-19,109
57,111
27,105
10,107
-11,95
-4,95
58,98
-2,100
4,98
79,103
51,107
9,107
-16,111
-5,87
-7,268
-1,248
-4,67
-16,241
-5,65
-16,110
-7,105
-17,238
-12,111
-5,253
5,115
38,114
-8,243
-11,64
-23,111
-11,65
-15,242
-2,118
-8,76
-21,118
-27,111
-5,115
-12,82
26,248
-16,114
-7,113
-8,82
-5,115
-8,114
-21,73
-22,113
-14,111
-2,79
-21,112
-17,118
-28,114
-13,114
-16,110
7,266
18,80
12,271
8,100
-11,69
-3,71
-14,71
-9,74
102,71
6,66
90,58
4,71
-12,88
-10,67
-2,118
6,121
-23,118
8,85
-4,81
21,113
40,111
-10,86
-4,112
117,93
7,245
16,232
-8,82
-9,241
-14,233
-1,88
-20,230
-4,65
55,93
0,241
99,91
-10,113
25,109
-40,237
-11,268
-23,76
4,122
73,103
-15,84
-23,79
-18,85
-23,116
20,98
6,94
116,98
-17,247
11,93
-6,245
7,96
66,104
147,98
119,107
30,266
4,269
102,266
151,98
38,99
0,246
4,63
6,93
-1,117
-4,236
71,253
-12,241
-1,262
-2,111
-7,64
12,234
97,100
5,256
-5,268
-14,119
-18,77
-16,237
-16,251
-4,94
-26,89
-14,81
-10,97
-12,97
-18,104
-13,101
-21,86
-13,87
-14,94
-14,85
-24,85
-29,87
-18,106
-13,254
-6,227
-4,66
-21,241
14,59
-18,98
-13,107
-16,243
-22,241
-4,124
-32,233
-22,56
-2,61
-20,234
-16,113
-15,80
10,114
-11,118
-19,78
-23,229
0,119
-6,125
-19,77
13,122
-10,120
54,125
-1,117
-15,75
-7,112
-14,119
-14,121
-7,129
-20,254
-23,74
-30,248
-1,81
-9,77
-8,55
-27,75
-14,66
-14,74
-2,109
0,65
-8,65
7,90
-10,62
-13,82
-4,123
0,61
-6,234
-25,87
-15,71
-18,255
-11,248
-4,78
-29,244
-9,253
-12,243
-14,249
-9,220
-8,107
-5,229
23,101
-14,234
-15,88
-1,76
-6,238
1,230
3,261